test_time_utc	model	quant	threads	prompt_tps	gen_tps	pg_tps	cpu_info	gpu_info	cuda	vulkan	metal	sycl	gpu_blas	blas	flash_attn	n_gpu_layers	type_k	type_v	bench_opts	source
2025-11-21T19:50:33Z	qwen3-0.6b	F16	4	11.531463	2.808281	6.943194	CPU	NA	NA	NA	NA	NA	NA	NA	NA	99	f16	f16	bench:p=512;n=128;r=5;ctk=NA;ctv=NA	file
2025-11-21T20:09:23Z	qwen3-0.6b	IQ3_M	4	10.339345	6.996084	9.083193	CPU	NA	NA	NA	NA	NA	NA	NA	NA	99	f16	f16	bench:p=512;n=128;r=5;ctk=NA;ctv=NA	file
2025-11-21T20:24:44Z	qwen3-0.6b	IQ3_XS	4	10.354978	7.507716	9.222997	CPU	NA	NA	NA	NA	NA	NA	NA	NA	99	f16	f16	bench:p=512;n=128;r=5;ctk=NA;ctv=NA	file
2025-11-21T20:39:54Z	qwen3-0.6b	IQ4_NL	4	17.190463	8.495529	13.435247	CPU	NA	NA	NA	NA	NA	NA	NA	NA	99	f16	f16	bench:p=512;n=128;r=5;ctk=NA;ctv=NA	file
2025-11-21T20:50:47Z	qwen3-0.6b	Q3_K_L	4	15.762509	8.533488	12.763472	CPU	NA	NA	NA	NA	NA	NA	NA	NA	99	f16	f16	bench:p=512;n=128;r=5;ctk=NA;ctv=NA	file
2025-11-21T21:02:11Z	qwen3-0.6b	Q3_K_M	4	16.969673	9.209902	13.635129	CPU	NA	NA	NA	NA	NA	NA	NA	NA	99	f16	f16	bench:p=512;n=128;r=5;ctk=NA;ctv=NA	file
2025-11-21T21:12:57Z	qwen3-0.6b	Q3_K_S	4	15.200488	9.697221	12.941562	CPU	NA	NA	NA	NA	NA	NA	NA	NA	99	f16	f16	bench:p=512;n=128;r=5;ctk=NA;ctv=NA	file
2025-11-21T21:24:18Z	qwen3-0.6b	Q4_0	4	18.891714	8.418133	14.226817	CPU	NA	NA	NA	NA	NA	NA	NA	NA	99	f16	f16	bench:p=512;n=128;r=5;ctk=NA;ctv=NA	file
2025-11-21T21:34:42Z	qwen3-0.6b	Q4_1	4	18.566398	8.084612	13.944718	CPU	NA	NA	NA	NA	NA	NA	NA	NA	99	f16	f16	bench:p=512;n=128;r=5;ctk=NA;ctv=NA	file
2025-11-21T21:45:16Z	qwen3-0.6b	Q4_K_M	4	19.65983	8.246625	14.452565	CPU	NA	NA	NA	NA	NA	NA	NA	NA	99	f16	f16	bench:p=512;n=128;r=5;ctk=NA;ctv=NA	file
2025-11-21T21:55:29Z	qwen3-0.6b	Q4_K_S	4	20.444597	8.450402	14.919478	CPU	NA	NA	NA	NA	NA	NA	NA	NA	99	f16	f16	bench:p=512;n=128;r=5;ctk=NA;ctv=NA	file
2025-11-21T22:05:29Z	qwen3-0.6b	Q5_0	4	15.984154	7.602457	12.420334	CPU	NA	NA	NA	NA	NA	NA	NA	NA	99	f16	f16	bench:p=512;n=128;r=5;ctk=NA;ctv=NA	file
2025-11-21T22:17:09Z	qwen3-0.6b	Q5_1	4	15.551855	7.19945	12.024065	CPU	NA	NA	NA	NA	NA	NA	NA	NA	99	f16	f16	bench:p=512;n=128;r=5;ctk=NA;ctv=NA	file
2025-11-21T22:29:09Z	qwen3-0.6b	Q5_K_M	4	16.698781	7.509821	12.6749	CPU	NA	NA	NA	NA	NA	NA	NA	NA	99	f16	f16	bench:p=512;n=128;r=5;ctk=NA;ctv=NA	file
2025-11-21T22:40:35Z	qwen3-0.6b	Q5_K_S	4	16.787624	7.550468	12.78584	CPU	NA	NA	NA	NA	NA	NA	NA	NA	99	f16	f16	bench:p=512;n=128;r=5;ctk=NA;ctv=NA	file
2025-11-21T22:51:59Z	qwen3-0.6b	Q6_K	4	15.794191	6.808306	11.956156	CPU	NA	NA	NA	NA	NA	NA	NA	NA	99	f16	f16	bench:p=512;n=128;r=5;ctk=NA;ctv=NA	file
2025-11-21T23:04:07Z	qwen3-0.6b	Q8_0	4	19.798262	5.038738	11.937524	CPU	NA	NA	NA	NA	NA	NA	NA	NA	99	f16	f16	bench:p=512;n=128;r=5;ctk=NA;ctv=NA	file
2025-11-21T23:16:13Z	qwen2.5-0.5b-instruct	F16	4	17.806197	3.662054	9.904778	CPU	NA	NA	NA	NA	NA	NA	NA	NA	99	f16	f16	bench:p=512;n=128;r=5;ctk=NA;ctv=NA	file
2025-11-21T23:30:03Z	qwen2.5-0.5b-instruct	IQ3_M	4	19.76361	9.226042	15.636683	CPU	NA	NA	NA	NA	NA	NA	NA	NA	99	f16	f16	bench:p=512;n=128;r=5;ctk=NA;ctv=NA	file
2025-11-21T23:39:49Z	qwen2.5-0.5b-instruct	IQ3_XS	4	19.207425	8.998713	15.246374	CPU	NA	NA	NA	NA	NA	NA	NA	NA	99	f16	f16	bench:p=512;n=128;r=5;ctk=NA;ctv=NA	file
2025-11-21T23:49:48Z	qwen2.5-0.5b-instruct	IQ4_NL	4	24.705447	9.774464	18.341332	CPU	NA	NA	NA	NA	NA	NA	NA	NA	99	f16	f16	bench:p=512;n=128;r=5;ctk=NA;ctv=NA	file
2025-11-21T23:58:26Z	qwen2.5-0.5b-instruct	Q3_K_L	4	24.295592	9.426271	17.928193	CPU	NA	NA	NA	NA	NA	NA	NA	NA	99	f16	f16	bench:p=512;n=128;r=5;ctk=NA;ctv=NA	file
2025-11-22T00:07:14Z	qwen2.5-0.5b-instruct	Q3_K_M	4	25.797434	9.703322	18.740748	CPU	NA	NA	NA	NA	NA	NA	NA	NA	99	f16	f16	bench:p=512;n=128;r=5;ctk=NA;ctv=NA	file
2025-11-22T00:15:40Z	qwen2.5-0.5b-instruct	Q3_K_S	4	23.728653	10.074561	18.13889	CPU	NA	NA	NA	NA	NA	NA	NA	NA	99	f16	f16	bench:p=512;n=128;r=5;ctk=NA;ctv=NA	file
2025-11-22T00:24:22Z	qwen2.5-0.5b-instruct	Q4_0	4	27.46933	9.835095	19.538751	CPU	NA	NA	NA	NA	NA	NA	NA	NA	99	f16	f16	bench:p=512;n=128;r=5;ctk=NA;ctv=NA	file
2025-11-22T00:32:33Z	qwen2.5-0.5b-instruct	Q4_1	4	27.185429	9.13793	18.915677	CPU	NA	NA	NA	NA	NA	NA	NA	NA	99	f16	f16	bench:p=512;n=128;r=5;ctk=NA;ctv=NA	file
2025-11-22T00:40:58Z	qwen2.5-0.5b-instruct	Q4_K_M	4	24.335898	9.165625	17.719384	CPU	NA	NA	NA	NA	NA	NA	NA	NA	99	f16	f16	bench:p=512;n=128;r=5;ctk=NA;ctv=NA	file
2025-11-22T00:49:51Z	qwen2.5-0.5b-instruct	Q4_K_S	4	24.299154	9.10684	17.675343	CPU	NA	NA	NA	NA	NA	NA	NA	NA	99	f16	f16	bench:p=512;n=128;r=5;ctk=NA;ctv=NA	file
2025-11-22T00:58:43Z	qwen2.5-0.5b-instruct	Q5_0	4	22.808597	8.892166	16.857244	CPU	NA	NA	NA	NA	NA	NA	NA	NA	99	f16	f16	bench:p=512;n=128;r=5;ctk=NA;ctv=NA	file
2025-11-22T01:07:55Z	qwen2.5-0.5b-instruct	Q5_1	4	22.036663	8.336382	16.100829	CPU	NA	NA	NA	NA	NA	NA	NA	NA	99	f16	f16	bench:p=512;n=128;r=5;ctk=NA;ctv=NA	file
2025-11-22T01:17:28Z	qwen2.5-0.5b-instruct	Q5_K_M	4	22.377036	8.426749	16.345012	CPU	NA	NA	NA	NA	NA	NA	NA	NA	99	f16	f16	bench:p=512;n=128;r=5;ctk=NA;ctv=NA	file
2025-11-22T01:26:56Z	qwen2.5-0.5b-instruct	Q5_K_S	4	22.44439	8.625337	16.569049	CPU	NA	NA	NA	NA	NA	NA	NA	NA	99	f16	f16	bench:p=512;n=128;r=5;ctk=NA;ctv=NA	file
2025-11-22T01:36:22Z	qwen2.5-0.5b-instruct	Q6_K	4	26.585826	7.124909	16.733032	CPU	NA	NA	NA	NA	NA	NA	NA	NA	99	f16	f16	bench:p=512;n=128;r=5;ctk=NA;ctv=NA	file
2025-11-22T01:45:37Z	qwen2.5-0.5b-instruct	Q8_0	4	29.188775	6.779722	17.076457	CPU	NA	NA	NA	NA	NA	NA	NA	NA	99	f16	f16	bench:p=512;n=128;r=5;ctk=NA;ctv=NA	file
2025-11-22T01:54:35Z	gemma3-270m-instruct	F16	4	56.089079	6.675983	21.812695	CPU	NA	NA	NA	NA	NA	NA	NA	NA	99	f16	f16	bench:p=512;n=128;r=5;ctk=NA;ctv=NA	file
2025-11-22T02:01:49Z	gemma3-270m-instruct	IQ3_M	4	61.907499	14.083185	35.349403	CPU	NA	NA	NA	NA	NA	NA	NA	NA	99	f16	f16	bench:p=512;n=128;r=5;ctk=NA;ctv=NA	file
2025-11-22T02:07:10Z	gemma3-270m-instruct	IQ3_XS	4	54.95667	14.101954	33.418229	CPU	NA	NA	NA	NA	NA	NA	NA	NA	99	f16	f16	bench:p=512;n=128;r=5;ctk=NA;ctv=NA	file
2025-11-22T02:12:44Z	gemma3-270m-instruct	IQ4_NL	4	70.594054	14.542552	37.921795	CPU	NA	NA	NA	NA	NA	NA	NA	NA	99	f16	f16	bench:p=512;n=128;r=5;ctk=NA;ctv=NA	file
2025-11-22T02:17:50Z	gemma3-270m-instruct	Q3_K_L	4	69.794526	14.296947	37.593724	CPU	NA	NA	NA	NA	NA	NA	NA	NA	99	f16	f16	bench:p=512;n=128;r=5;ctk=NA;ctv=NA	file
2025-11-22T02:22:59Z	gemma3-270m-instruct	Q3_K_M	4	73.87524	14.513239	38.956458	CPU	NA	NA	NA	NA	NA	NA	NA	NA	99	f16	f16	bench:p=512;n=128;r=5;ctk=NA;ctv=NA	file
2025-11-22T02:28:01Z	gemma3-270m-instruct	Q3_K_S	4	68.276012	14.786602	37.724925	CPU	NA	NA	NA	NA	NA	NA	NA	NA	99	f16	f16	bench:p=512;n=128;r=5;ctk=NA;ctv=NA	file
2025-11-22T02:33:09Z	gemma3-270m-instruct	Q4_0	4	76.624953	14.095684	38.876624	CPU	NA	NA	NA	NA	NA	NA	NA	NA	99	f16	f16	bench:p=512;n=128;r=5;ctk=NA;ctv=NA	file
2025-11-22T02:38:11Z	gemma3-270m-instruct	Q4_1	4	75.961047	14.148617	38.673174	CPU	NA	NA	NA	NA	NA	NA	NA	NA	99	f16	f16	bench:p=512;n=128;r=5;ctk=NA;ctv=NA	file
2025-11-22T02:43:13Z	gemma3-270m-instruct	Q4_K_M	4	68.866605	13.861141	36.806699	CPU	NA	NA	NA	NA	NA	NA	NA	NA	99	f16	f16	bench:p=512;n=128;r=5;ctk=NA;ctv=NA	file
2025-11-22T02:48:26Z	gemma3-270m-instruct	Q4_K_S	4	70.89567	14.047373	37.613783	CPU	NA	NA	NA	NA	NA	NA	NA	NA	99	f16	f16	bench:p=512;n=128;r=5;ctk=NA;ctv=NA	file
2025-11-22T02:53:35Z	gemma3-270m-instruct	Q5_0	4	65.383181	13.55518	35.820601	CPU	NA	NA	NA	NA	NA	NA	NA	NA	99	f16	f16	bench:p=512;n=128;r=5;ctk=NA;ctv=NA	file
2025-11-22T02:58:54Z	gemma3-270m-instruct	Q5_1	4	64.467177	13.559322	35.187645	CPU	NA	NA	NA	NA	NA	NA	NA	NA	99	f16	f16	bench:p=512;n=128;r=5;ctk=NA;ctv=NA	file
2025-11-22T03:04:15Z	gemma3-270m-instruct	Q5_K_M	4	64.902166	13.485876	35.295278	CPU	NA	NA	NA	NA	NA	NA	NA	NA	99	f16	f16	bench:p=512;n=128;r=5;ctk=NA;ctv=NA	file
2025-11-22T03:09:36Z	gemma3-270m-instruct	Q5_K_S	4	65.662497	13.591654	35.563717	CPU	NA	NA	NA	NA	NA	NA	NA	NA	99	f16	f16	bench:p=512;n=128;r=5;ctk=NA;ctv=NA	file
2025-11-22T03:14:57Z	gemma3-270m-instruct	Q6_K	4	74.777291	12.448254	35.833552	CPU	NA	NA	NA	NA	NA	NA	NA	NA	99	f16	f16	bench:p=512;n=128;r=5;ctk=NA;ctv=NA	file
2025-11-22T03:20:15Z	gemma3-270m-instruct	Q8_0	4	79.222313	12.19235	36.324366	CPU	NA	NA	NA	NA	NA	NA	NA	NA	99	f16	f16	bench:p=512;n=128;r=5;ctk=NA;ctv=NA	file
2025-11-22T03:26:08Z	gemma3-1b-instruct	F16	4	9.586287	1.824901	5.147818	CPU	NA	NA	NA	NA	NA	NA	NA	NA	99	f16	f16	bench:p=512;n=128;r=5;ctk=NA;ctv=NA	file
2025-11-22T03:50:52Z	gemma3-1b-instruct	IQ3_M	4	10.811866	4.526717	8.367792	CPU	NA	NA	NA	NA	NA	NA	NA	NA	99	f16	f16	bench:p=512;n=128;r=5;ctk=NA;ctv=NA	file
2025-11-22T04:07:26Z	gemma3-1b-instruct	IQ3_XS	4	9.963266	4.479848	7.902705	CPU	NA	NA	NA	NA	NA	NA	NA	NA	99	f16	f16	bench:p=512;n=128;r=5;ctk=NA;ctv=NA	file
2025-11-22T04:24:52Z	gemma3-1b-instruct	IQ4_NL	4	13.623075	4.80849	9.827378	CPU	NA	NA	NA	NA	NA	NA	NA	NA	99	f16	f16	bench:p=512;n=128;r=5;ctk=NA;ctv=NA	file
2025-11-22T04:39:13Z	gemma3-1b-instruct	Q3_K_L	4	13.450891	4.703001	9.658425	CPU	NA	NA	NA	NA	NA	NA	NA	NA	99	f16	f16	bench:p=512;n=128;r=5;ctk=NA;ctv=NA	file
2025-11-22T04:53:45Z	gemma3-1b-instruct	Q3_K_M	4	14.522212	4.895324	10.247789	CPU	NA	NA	NA	NA	NA	NA	NA	NA	99	f16	f16	bench:p=512;n=128;r=5;ctk=NA;ctv=NA	file
2025-11-22T05:07:33Z	gemma3-1b-instruct	Q3_K_S	4	13.018893	5.011906	9.693501	CPU	NA	NA	NA	NA	NA	NA	NA	NA	99	f16	f16	bench:p=512;n=128;r=5;ctk=NA;ctv=NA	file
2025-11-22T05:22:05Z	gemma3-1b-instruct	Q4_0	4	15.348442	4.883782	10.573033	CPU	NA	NA	NA	NA	NA	NA	NA	NA	99	f16	f16	bench:p=512;n=128;r=5;ctk=NA;ctv=NA	file
2025-11-22T05:35:31Z	gemma3-1b-instruct	Q4_1	4	15.179885	4.639828	10.28392	CPU	NA	NA	NA	NA	NA	NA	NA	NA	99	f16	f16	bench:p=512;n=128;r=5;ctk=NA;ctv=NA	file
2025-11-22T05:49:17Z	gemma3-1b-instruct	Q4_K_M	4	13.053014	4.319242	9.178785	CPU	NA	NA	NA	NA	NA	NA	NA	NA	99	f16	f16	bench:p=512;n=128;r=5;ctk=NA;ctv=NA	file
2025-11-22T06:04:28Z	gemma3-1b-instruct	Q4_K_S	4	13.647649	4.517871	9.568033	CPU	NA	NA	NA	NA	NA	NA	NA	NA	99	f16	f16	bench:p=512;n=128;r=5;ctk=NA;ctv=NA	file
2025-11-22T06:19:07Z	gemma3-1b-instruct	Q5_0	4	12.493851	4.394381	8.991801	CPU	NA	NA	NA	NA	NA	NA	NA	NA	99	f16	f16	bench:p=512;n=128;r=5;ctk=NA;ctv=NA	file
2025-11-22T06:34:37Z	gemma3-1b-instruct	Q5_1	4	12.054252	4.182551	8.659578	CPU	NA	NA	NA	NA	NA	NA	NA	NA	99	f16	f16	bench:p=512;n=128;r=5;ctk=NA;ctv=NA	file
2025-11-22T06:50:38Z	gemma3-1b-instruct	Q5_K_M	4	12.290167	4.21132	8.752836	CPU	NA	NA	NA	NA	NA	NA	NA	NA	99	f16	f16	bench:p=512;n=128;r=5;ctk=NA;ctv=NA	file
2025-11-22T07:06:28Z	gemma3-1b-instruct	Q5_K_S	4	12.375184	4.280323	8.844019	CPU	NA	NA	NA	NA	NA	NA	NA	NA	99	f16	f16	bench:p=512;n=128;r=5;ctk=NA;ctv=NA	file
2025-11-22T07:22:15Z	gemma3-1b-instruct	Q6_K	4	14.455875	3.579571	8.887071	CPU	NA	NA	NA	NA	NA	NA	NA	NA	99	f16	f16	bench:p=512;n=128;r=5;ctk=NA;ctv=NA	file
2025-11-22T07:37:48Z	gemma3-1b-instruct	Q8_0	4	16.136063	3.394201	9.105904	CPU	NA	NA	NA	NA	NA	NA	NA	NA	99	f16	f16	bench:p=512;n=128;r=5;ctk=NA;ctv=NA	file
2025-11-22T07:53:28Z	llama3.2-1b	F16	4	5.018192	1.476751	3.35462	CPU	NA	NA	NA	NA	NA	NA	NA	NA	99	f16	f16	bench:p=512;n=128;r=5;ctk=NA;ctv=NA	file
2025-11-22T08:30:48Z	llama3.2-1b	IQ3_M	4	5.21003	3.682915	4.744153	CPU	NA	NA	NA	NA	NA	NA	NA	NA	99	f16	f16	bench:p=512;n=128;r=5;ctk=NA;ctv=NA	file
2025-11-22T08:58:41Z	llama3.2-1b	IQ3_XS	4	5.63546	3.930768	5.112797	CPU	NA	NA	NA	NA	NA	NA	NA	NA	99	f16	f16	bench:p=512;n=128;r=5;ctk=NA;ctv=NA	file
2025-11-22T09:24:45Z	llama3.2-1b	IQ4_NL	4	9.908451	4.571552	7.841554	CPU	NA	NA	NA	NA	NA	NA	NA	NA	99	f16	f16	bench:p=512;n=128;r=5;ctk=NA;ctv=NA	file
2025-11-22T09:42:13Z	llama3.2-1b	Q3_K_L	4	9.009184	4.815411	7.50366	CPU	NA	NA	NA	NA	NA	NA	NA	NA	99	f16	f16	bench:p=512;n=128;r=5;ctk=NA;ctv=NA	file
2025-11-22T10:00:28Z	llama3.2-1b	Q3_K_M	4	9.718909	5.099941	8.043772	CPU	NA	NA	NA	NA	NA	NA	NA	NA	99	f16	f16	bench:p=512;n=128;r=5;ctk=NA;ctv=NA	file
2025-11-22T10:17:37Z	llama3.2-1b	Q3_K_S	4	8.717197	5.414054	7.569598	CPU	NA	NA	NA	NA	NA	NA	NA	NA	99	f16	f16	bench:p=512;n=128;r=5;ctk=NA;ctv=NA	file
2025-11-22T10:35:48Z	llama3.2-1b	Q4_0	4	11.345865	4.609161	8.54661	CPU	NA	NA	NA	NA	NA	NA	NA	NA	99	f16	f16	bench:p=512;n=128;r=5;ctk=NA;ctv=NA	file
2025-11-22T10:51:58Z	llama3.2-1b	Q4_1	4	11.109813	4.259899	8.144996	CPU	NA	NA	NA	NA	NA	NA	NA	NA	99	f16	f16	bench:p=512;n=128;r=5;ctk=NA;ctv=NA	file
2025-11-22T11:08:45Z	llama3.2-1b	Q4_K_M	4	11.857453	4.469104	8.685421	CPU	NA	NA	NA	NA	NA	NA	NA	NA	99	f16	f16	bench:p=512;n=128;r=5;ctk=NA;ctv=NA	file
2025-11-22T11:24:38Z	llama3.2-1b	Q4_K_S	4	12.400299	4.614941	9.040469	CPU	NA	NA	NA	NA	NA	NA	NA	NA	99	f16	f16	bench:p=512;n=128;r=5;ctk=NA;ctv=NA	file
2025-11-22T11:40:03Z	llama3.2-1b	Q5_0	4	9.143541	4.018287	7.137681	CPU	NA	NA	NA	NA	NA	NA	NA	NA	99	f16	f16	bench:p=512;n=128;r=5;ctk=NA;ctv=NA	file
2025-11-22T11:59:06Z	llama3.2-1b	Q5_1	4	8.907369	3.750057	6.835318	CPU	NA	NA	NA	NA	NA	NA	NA	NA	99	f16	f16	bench:p=512;n=128;r=5;ctk=NA;ctv=NA	file
2025-11-22T12:18:50Z	llama3.2-1b	Q5_K_M	4	9.529283	3.983457	7.295476	CPU	NA	NA	NA	NA	NA	NA	NA	NA	99	f16	f16	bench:p=512;n=128;r=5;ctk=NA;ctv=NA	file
2025-11-22T12:37:28Z	llama3.2-1b	Q5_K_S	4	9.654004	4.046572	7.406255	CPU	NA	NA	NA	NA	NA	NA	NA	NA	99	f16	f16	bench:p=512;n=128;r=5;ctk=NA;ctv=NA	file
2025-11-22T12:55:54Z	llama3.2-1b	Q6_K	4	8.970897	3.606222	6.760347	CPU	NA	NA	NA	NA	NA	NA	NA	NA	99	f16	f16	bench:p=512;n=128;r=5;ctk=NA;ctv=NA	file
2025-11-22T13:15:57Z	llama3.2-1b	Q8_0	4	11.799827	2.764067	6.985617	CPU	NA	NA	NA	NA	NA	NA	NA	NA	99	f16	f16	bench:p=512;n=128;r=5;ctk=NA;ctv=NA	file
